,Case 1,Case 2,Case 3,Case 4,Case 5,Case 6,Case 7,Case 8,Case 9,Case 10
Triage Note,"신장: 156 cm
체중: 64 kg

주호소:
Mental change (기간: 03일 00시간 00분, 발현 시기: 2025-03-01)

재난 여부: 아니오

Level of consciousness: Drowsy
통증 점수: 0/10
임신: 해당없음

수축기혈압: 162 mmHg
이완기 혈압: 106 mmHg
심박수: 107 회/분
호흡수: 18 회/분
체온: 37.5 ℃
산소포화도: 97 %
혈당: - mg/dL

알러지: 없음

과거력: 고혈압

입원 및 수술 이력:

Metastatic adenocarcinoma, clinically from the liver (2021년경)

Cholangio CA (2021년경)

투약 상태: 없음

비고: 최근 21일 이내 해외 여행력 없음. 최근 7일 이내 COVID-19 확진력/증빙자료 없음.","신장: 167 cm  
체중: 53.2 kg  

주호소:  
Hematemesis, hematochezia (기간: 00일 13시간 38분, 발현 시기: 2025-02-28)  

재난 여부: 아니오  

Level of consciousness: Alert  
통증 점수: 0/10  
임신: 해당없음  

수축기혈압: 66 mmHg  
이완기 혈압: 42 mmHg  
심박수: 109 회/분  
호흡수: 20 회/분  
체온: 37 ℃  
산소포화도: 100 %  
혈당: - mg/dL  

알러지: 약  

과거력: 암  

입원 및 수술 이력:  
- RSJ ulcerofungation mass → unconverted metal stent ins, Bx (2023.09.20)  

투약 상태: 없음  

비고: 최근 21일 이내 해외 여행력 없음. 최근 7일 이내 COVID-19 확진력/증빙자료 없음.","신장: 152 cm  
체중: 62.7 kg  

주호소:  
Cough (기간: 05일 00시간 00분, 발현 시기: 2025-02-26)  

재난 여부: 아니오  

Level of consciousness: Alert  
통증 점수: 0/10  
임신: 해당없음  

수축기혈압: 113 mmHg  
이완기 혈압: 59 mmHg  
심박수: 118 회/분  
호흡수: 26 회/분  
체온: 38.6 ℃  
산소포화도: 80 %  
혈당: - mg/dL  

알러지: 없음  

과거력: 암  

입원 및 수술 이력:  
- 손목인대 수술(오른쪽)  
- 제왕절개 (2024.07.31)  
- EUS-FNA  

투약 상태: 없음  

비고:  
- 기침·가래 심하고 움직일 시 mild dyspnea 호소, fever는 몰랐다고 함.  
- 최근 21일 이내 해외 여행력 없음.  
- 최근 7일 이내 COVID-19 확진력/증빙자료 없음.","신장: - cm  
체중: - kg  

주호소:  
Dyspnea, Chest discomfort (기간: 07일 00시간 00분, 발현 시기: 2025-02-25)  

재난 여부: 아니오  

Level of consciousness: Alert  
통증 점수: 0/10  
임신: 해당없음  

수축기혈압: 124 mmHg  
이완기 혈압: 78 mmHg  
심박수: 95 회/분  
호흡수: 20 회/분  
체온: 38.2 ℃  
산소포화도: 94 %  
혈당: - mg/dL  

알러지: 없음  

과거력: 고혈압, 암  

입원 및 수술 이력:  
- 갑상선암 수술 (15년 전)  

투약 상태: 혈압약  

비고: c/s/r +/+/-; fever up to 38.0°C. 최근 21일 이내 해외 여행력 없음. 최근 7일 이내 COVID-19 확진력/증빙자료 없음.","주호소:

Head trauma (기간: 12일, 발현 시기: -)

재난 여부: 아니오

Level of consciousness: Alert
통증 점수: 0/10
임신: 해당없음

수축기혈압: 172mmHg
이완기 혈압: 85mmHg
심박수: 121회/분
호흡수: 20회/분
체온: 36.9℃
산소포화도: 98%
혈당: -mg/dL

알러지: 없음

과거력: 고혈압

입원 및 수술 이력: -

투약 상태: 없음

비고:
3/1 오른쪽 저리고 마비증상, 인지기능 저하 증상 발생 → 현재 호전
타병원 hemorrhage 소견 받고 내원,
의뢰서 (-), 영상(+)
■ 최근 21일 이내 해외 여행력 (국가명): 없음
■ 최근 7일 이내 COVID-19 확진력/증빙자료 여부: 없음

현재 본원 응급실 의료진이 다수의 중증 응급환자 처치 중에 있어 본원 응급실에서는 즉각적인 응급 검사 및 처치가 불가능한 상태임을 설명하였으며, 타 병원 방문하여 진료, 검사를 통해 진단 및 처치 진행해야 함을 고지하였음.
진단이 지연될 경우 미확인된 의학적 상황으로 인한 환자의 상태 악화가 발생할 수 있음을 설명하였음. 환자 및 보호자 이와 같은 설명을 이해하였음을 확인함.","신장: 179cm
체중: 84.6kg

주호소:

Myalgia (기간: 14일, 발현 시기: 2025-02-18 00:00:00)

재난 여부: 아니오

Level of consciousness: Alert
통증 점수: 0/10
임신: 해당없음

수축기혈압: 132mmHg
이완기 혈압: 82mmHg
심박수: 98회/분
호흡수: 20회/분
체온: 39.6℃
산소포화도: 98%
혈당: -mg/dL

알러지: 없음

과거력: 기타

입원 및 수술 이력:

맹장 수술 (2019.12.05)

교통사고로 입원 치료 (1985년도)

정관 수술

치질 수술

ureter cancer s/p Partial cystectomy, Distal ureterectomy (2010년도)

TURB (2022.03.15)

gross hematuria

URS c TURB

Transurethral resection of bladder

1st neoadjuvant GC CTx (2020)

2nd neoadjuvant GC CTx (2024.08.08)

3rd neoadjuvant GC CTx (2024.10.16)

투약 상태: 없음

비고:
2월 중순부터 chilling (+) → local에서 urine lab 계속 진행 중
chilling, myalgia, fever (+)
■ 최근 21일 이내 해외 여행력 (국가명): 없음
■ 최근 7일 이내 COVID-19 확진력/증빙자료 여부: 없음","신장: - cm
체중: - kg

주호소:
Fever and chilling (기간: 00일 07시간 50분, 발현 시기: 2025-03-02)

재난 여부: 아니오

Level of consciousness: Alert
통증 점수: 확인 불가
임신: 해당없음

수축기혈압: 123 mmHg
이완기 혈압: 78 mmHg
심박수: 124 회/분
호흡수: 22 회/분
체온: 38.9 ℃
산소포화도: 97 %
혈당: - mg/dL

알러지: 없음

과거력: 암

입원 및 수술 이력:

우상파쇄골절 철심 재건술 (2022.02)

Malignant Vulvectomy (Simple) + S.T.S.G. (split thickness skin graft)

척추협착증 재건술 (2021, 일산복음병원)

기타 수술 (2011, 일산병원)

투약 상태: 면역억제제

비고: c/s/r +/+/-; fever up to 38.0°C. 최근 21일 이내 해외 여행력 없음. 최근 7일 이내 COVID-19 확진력/증빙자료 없음.","신장: - cm  
체중: - kg  

주호소:  
Tooth pain (기간: 00일 14시간 37분, 발현 시기: 2025-03-02)  

재난 여부: 아니오  

Level of consciousness: Alert  
통증 점수: 2/10  
임신: 해당없음  

수축기혈압: 162 mmHg  
이완기 혈압: 82 mmHg  
심박수: 77 회/분  
호흡수: 20 회/분  
체온: 36.3 ℃  
산소포화도: 98 %  
혈당: - mg/dL  

알러지: 약  

과거력: 고혈압, hyperlipidemia  

입원 및 수술 이력:  
- 없음  

투약 상태: 혈압약  

비고:  
3/12 전체 치아 임플란트 제거 후 재임플란트 예정이었으나 전일 저녁부터 양치질 시 출혈 있어 내원함.  
최근 21일 이내 해외 여행력 없음. 최근 7일 이내 COVID-19 확진력/증빙자료 없음.","신장: - cm  
체중: - kg  

주호소:  
Oral bleeding (기간: 00일 01시간 24분, 발현 시기: 2025-03-02)  

재난 여부: 아니오  

Level of consciousness: Alert  
통증 점수: 0/10  
임신: 해당없음  

수축기혈압: 131 mmHg  
이완기 혈압: 92 mmHg  
심박수: 57 회/분  
호흡수: 18 회/분  
체온: 36.5 ℃  
산소포화도: 99 %  
혈당: - mg/dL  

알러지: 없음  

과거력: 없음  

입원 및 수술 이력:  
- 없음  

투약 상태: warfarin

비고: 최근 21일 이내 해외 여행력 없음. 최근 7일 이내 COVID-19 확진력/증빙자료 없음.","신장: 158cm
체중: 52kg

주호소:

Decreased visual acuity (기간: 4일, 발현 시기: 2025-03-01 00:00:00)

재난 여부: 아니오

Level of consciousness: Alert
통증 점수: 4/10
임신: -

수축기혈압: 159mmHg
이완기 혈압: 109mmHg
심박수: 95회/분
호흡수: 18회/분
체온: 36.8℃
산소포화도: 97%
혈당: -mg/dL

알러지: 없음

과거력: 기타

입원 및 수술 이력:

optic neuritis s/p IVMP(2023)

IVIG(2023)

안구내주사(2023)

투약 상태: 기타

비고:
왼쪽 안구 거의 전체가 회색으로 안개가 낀 것 같다고 표현함.
2023년도 시신경염 증상과 유사.
1-2시간 전부터 안구 통증이 심해져서 내원함.

■ 최근 21일 이내 해외 여행력 (국가명): 없음
■ 최근 7일 이내 COVID-19 확진력/증빙자료 여부: 없음

현재 본원 응급실 의료진이 다수의 중증 응급환자 처치 중에 있어, 즉각적인 응급 검사 및 처치가 어려운 상태임을 설명하고, 타 병원 방문 후 진단 및 처치 진행이 필요함을 안내하였음.
진단 지연 시 미확인된 의학적 상황으로 인한 상태 악화 가능성이 있음을 설명하였으며, 환자 및 보호자가 이에 대해 이해하였음을 확인함.
"
주증상,의식 수준의 변화,혈변 / 흑색변,기침 / 코막힘,숨참,전문 진료를 위해서 의뢰된 환자,요로감염 증상,열,치아 / 구강 문제,치아 / 구강 문제,눈 통증
